mean,gcn_lcg,gcn_vcg,gin_lcg,gin_vcg,ggnn_lcg,ggnn_vcg,neurosat_lcg
k-vercov,0.9443483333333335,0.9446243333333332,0.9447173333333333,0.9447230000000001,0.944566,0.944899,0.9446723333333332

std,gcn_lcg,gcn_vcg,gin_lcg,gin_vcg,ggnn_lcg,ggnn_vcg,neurosat_lcg
k-vercov,0.00012139284254939357,0.00010740991057107443,0.0002340261144022837,0.00010370470898982171,0.0002108885961829084,7.934733769951048e-05,7.591808450923595e-05
