mean,gcn_lcg,gcn_vcg,gin_lcg,gin_vcg,ggnn_lcg,ggnn_vcg,neurosat_lcg
k-vercov,0.9998,0.9999166666666666,0.9996833333333334,0.9997833333333334,0.9996666666666667,0.9997666666666668,0.9998833333333333

std,gcn_lcg,gcn_vcg,gin_lcg,gin_vcg,ggnn_lcg,ggnn_vcg,neurosat_lcg
k-vercov,7.071067811864696e-05,2.357022603954899e-05,0.00012472191289245098,9.428090415819597e-05,8.498365855987038e-05,6.236095644622549e-05,6.236095644622549e-05
